Name,SVGIcon
prefix,"data:image/svg+xml;utf8,"
Satisfaction0.0,<svg width='88' height='16' viewBox='0 0 88 16' fill='none' xmlns='http://www.w3.org/2000/svg'>
<path d='M2.86603 14.8508C2.78823 15.2942 3.2258 15.6413 3.61224 15.4427L8.00146 13.1868L12.3907 15.4427C12.7771 15.6413 13.2147 15.2942 13.1369 14.8508L12.3072 10.1213L15.8295 6.76462C16.1587 6.45092 15.9883 5.87737 15.5473 5.81472L10.6488 5.11885L8.4647 0.792305C8.26795 0.402565 7.73498 0.402565 7.53823 0.792305L5.35411 5.11885L0.455637 5.81472C0.0146475 5.87737 -0.155753 6.45092 0.173428 6.76462L3.69576 10.1213L2.86603 14.8508ZM7.77063 12.0826L4.08488 13.977L4.77914 10.0197C4.81187 9.83316 4.75033 9.64214 4.61639 9.5145L1.70955 6.7444L5.76186 6.16873C5.92938 6.14494 6.07565 6.03795 6.15467 5.88141L8.00146 2.22308L9.84826 5.88141C9.92728 6.03795 10.0736 6.14494 10.2411 6.16873L14.2934 6.7444L11.3865 9.5145C11.2526 9.64214 11.1911 9.83316 11.2238 10.0197L11.918 13.977L8.23229 12.0826C8.0867 12.0078 7.91623 12.0078 7.77063 12.0826Z' fill='#DCDDE1'/>,
<path d='M20.866 14.8508C20.7882 15.2942 21.2258 15.6413 21.6122 15.4427L26.0015 13.1868L30.3907 15.4427C30.7771 15.6413 31.2147 15.2942 31.1369 14.8508L30.3072 10.1213L33.8295 6.76462C34.1587 6.45092 33.9883 5.87737 33.5473 5.81472L28.6488 5.11885L26.4647 0.792305C26.2679 0.402565 25.735 0.402565 25.5382 0.792305L23.3541 5.11885L18.4556 5.81472C18.0146 5.87737 17.8442 6.45092 18.1734 6.76462L21.6958 10.1213L20.866 14.8508ZM25.7706 12.0826L22.0849 13.977L22.7791 10.0197C22.8119 9.83316 22.7503 9.64214 22.6164 9.5145L19.7096 6.7444L23.7619 6.16873C23.9294 6.14494 24.0756 6.03795 24.1547 5.88141L26.0015 2.22308L27.8483 5.88141C27.9273 6.03795 28.0736 6.14494 28.2411 6.16873L32.2934 6.7444L29.3865 9.5145C29.2526 9.64214 29.1911 9.83316 29.2238 10.0197L29.918 13.977L26.2323 12.0826C26.0867 12.0078 25.9162 12.0078 25.7706 12.0826Z' fill='#DCDDE1'/>,
<path d='M38.866 14.8508C38.7882 15.2942 39.2258 15.6413 39.6122 15.4427L44.0015 13.1868L48.3907 15.4427C48.7771 15.6413 49.2147 15.2942 49.1369 14.8508L48.3072 10.1213L51.8295 6.76462C52.1587 6.45092 51.9883 5.87737 51.5473 5.81472L46.6488 5.11885L44.4647 0.792305C44.2679 0.402565 43.735 0.402565 43.5382 0.792305L41.3541 5.11885L36.4556 5.81472C36.0146 5.87737 35.8442 6.45092 36.1734 6.76462L39.6958 10.1213L38.866 14.8508ZM43.7706 12.0826L40.0849 13.977L40.7791 10.0197C40.8119 9.83316 40.7503 9.64214 40.6164 9.5145L37.7096 6.7444L41.7619 6.16873C41.9294 6.14494 42.0756 6.03795 42.1547 5.88141L44.0015 2.22308L45.8483 5.88141C45.9273 6.03795 46.0736 6.14494 46.2411 6.16873L50.2934 6.7444L47.3865 9.5145C47.2526 9.64214 47.1911 9.83316 47.2238 10.0197L47.918 13.977L44.2323 12.0826C44.0867 12.0078 43.9162 12.0078 43.7706 12.0826Z' fill='#DCDDE1'/>,
<path d='M56.866 14.8508C56.7882 15.2942 57.2258 15.6413 57.6122 15.4427L62.0015 13.1868L66.3907 15.4427C66.7771 15.6413 67.2147 15.2942 67.1369 14.8508L66.3072 10.1213L69.8295 6.76462C70.1587 6.45092 69.9883 5.87737 69.5473 5.81472L64.6488 5.11885L62.4647 0.792305C62.2679 0.402565 61.735 0.402565 61.5382 0.792305L59.3541 5.11885L54.4556 5.81472C54.0146 5.87737 53.8442 6.45092 54.1734 6.76462L57.6958 10.1213L56.866 14.8508ZM61.7706 12.0826L58.0849 13.977L58.7791 10.0197C58.8119 9.83316 58.7503 9.64214 58.6164 9.5145L55.7096 6.7444L59.7619 6.16873C59.9294 6.14494 60.0756 6.03795 60.1547 5.88141L62.0015 2.22308L63.8483 5.88141C63.9273 6.03795 64.0736 6.14494 64.2411 6.16873L68.2934 6.7444L65.3865 9.5145C65.2526 9.64214 65.1911 9.83316 65.2238 10.0197L65.918 13.977L62.2323 12.0826C62.0867 12.0078 61.9162 12.0078 61.7706 12.0826Z' fill='#DCDDE1'/>,
<path d='M74.866 14.8508C74.7882 15.2942 75.2258 15.6413 75.6122 15.4427L80.0015 13.1868L84.3907 15.4427C84.7771 15.6413 85.2147 15.2942 85.1369 14.8508L84.3072 10.1213L87.8295 6.76462C88.1587 6.45092 87.9883 5.87737 87.5473 5.81472L82.6488 5.11885L80.4647 0.792305C80.2679 0.402565 79.735 0.402565 79.5382 0.792305L77.3541 5.11885L72.4556 5.81472C72.0146 5.87737 71.8442 6.45092 72.1734 6.76462L75.6958 10.1213L74.866 14.8508ZM79.7706 12.0826L76.0849 13.977L76.7791 10.0197C76.8119 9.83316 76.7503 9.64214 76.6164 9.5145L73.7096 6.7444L77.7619 6.16873C77.9294 6.14494 78.0756 6.03795 78.1547 5.88141L80.0015 2.22308L81.8483 5.88141C81.9273 6.03795 82.0736 6.14494 82.2411 6.16873L86.2934 6.7444L83.3865 9.5145C83.2526 9.64214 83.1911 9.83316 83.2238 10.0197L83.918 13.977L80.2323 12.0826C80.0867 12.0078 79.9162 12.0078 79.7706 12.0826Z' fill='#DCDDE1'/>,
</svg>,
Satisfaction0.5,<svg width='88' height='16' viewBox='0 0 88 16' fill='none' xmlns='http://www.w3.org/2000/svg'>
<path d='M20.866 14.8508C20.7882 15.2942 21.2258 15.6413 21.6122 15.4427L26.0015 13.1868L30.3907 15.4427C30.7771 15.6413 31.2147 15.2942 31.1369 14.8508L30.3072 10.1213L33.8295 6.76462C34.1587 6.45092 33.9883 5.87737 33.5473 5.81472L28.6488 5.11885L26.4647 0.792305C26.2679 0.402565 25.735 0.402565 25.5382 0.792305L23.3541 5.11885L18.4556 5.81472C18.0146 5.87737 17.8442 6.45092 18.1734 6.76462L21.6958 10.1213L20.866 14.8508ZM25.7706 12.0826L22.0849 13.977L22.7791 10.0197C22.8119 9.83316 22.7503 9.64214 22.6164 9.5145L19.7096 6.7444L23.7619 6.16873C23.9294 6.14494 24.0756 6.03795 24.1547 5.88141L26.0015 2.22308L27.8483 5.88141C27.9273 6.03795 28.0736 6.14494 28.2411 6.16873L32.2934 6.7444L29.3865 9.5145C29.2526 9.64214 29.1911 9.83316 29.2238 10.0197L29.918 13.977L26.2323 12.0826C26.0867 12.0078 25.9162 12.0078 25.7706 12.0826Z' fill='#DCDDE1'/>,
<path d='M38.866 14.8508C38.7882 15.2942 39.2258 15.6413 39.6122 15.4427L44.0015 13.1868L48.3907 15.4427C48.7771 15.6413 49.2147 15.2942 49.1369 14.8508L48.3072 10.1213L51.8295 6.76462C52.1587 6.45092 51.9883 5.87737 51.5473 5.81472L46.6488 5.11885L44.4647 0.792305C44.2679 0.402565 43.735 0.402565 43.5382 0.792305L41.3541 5.11885L36.4556 5.81472C36.0146 5.87737 35.8442 6.45092 36.1734 6.76462L39.6958 10.1213L38.866 14.8508ZM43.7706 12.0826L40.0849 13.977L40.7791 10.0197C40.8119 9.83316 40.7503 9.64214 40.6164 9.5145L37.7096 6.7444L41.7619 6.16873C41.9294 6.14494 42.0756 6.03795 42.1547 5.88141L44.0015 2.22308L45.8483 5.88141C45.9273 6.03795 46.0736 6.14494 46.2411 6.16873L50.2934 6.7444L47.3865 9.5145C47.2526 9.64214 47.1911 9.83316 47.2238 10.0197L47.918 13.977L44.2323 12.0826C44.0867 12.0078 43.9162 12.0078 43.7706 12.0826Z' fill='#DCDDE1'/>,
<path d='M56.866 14.8508C56.7882 15.2942 57.2258 15.6413 57.6122 15.4427L62.0015 13.1868L66.3907 15.4427C66.7771 15.6413 67.2147 15.2942 67.1369 14.8508L66.3072 10.1213L69.8295 6.76462C70.1587 6.45092 69.9883 5.87737 69.5473 5.81472L64.6488 5.11885L62.4647 0.792305C62.2679 0.402565 61.735 0.402565 61.5382 0.792305L59.3541 5.11885L54.4556 5.81472C54.0146 5.87737 53.8442 6.45092 54.1734 6.76462L57.6958 10.1213L56.866 14.8508ZM61.7706 12.0826L58.0849 13.977L58.7791 10.0197C58.8119 9.83316 58.7503 9.64214 58.6164 9.5145L55.7096 6.7444L59.7619 6.16873C59.9294 6.14494 60.0756 6.03795 60.1547 5.88141L62.0015 2.22308L63.8483 5.88141C63.9273 6.03795 64.0736 6.14494 64.2411 6.16873L68.2934 6.7444L65.3865 9.5145C65.2526 9.64214 65.1911 9.83316 65.2238 10.0197L65.918 13.977L62.2323 12.0826C62.0867 12.0078 61.9162 12.0078 61.7706 12.0826Z' fill='#DCDDE1'/>,
<path d='M74.866 14.8508C74.7882 15.2942 75.2258 15.6413 75.6122 15.4427L80.0015 13.1868L84.3907 15.4427C84.7771 15.6413 85.2147 15.2942 85.1369 14.8508L84.3072 10.1213L87.8295 6.76462C88.1587 6.45092 87.9883 5.87737 87.5473 5.81472L82.6488 5.11885L80.4647 0.792305C80.2679 0.402565 79.735 0.402565 79.5382 0.792305L77.3541 5.11885L72.4556 5.81472C72.0146 5.87737 71.8442 6.45092 72.1734 6.76462L75.6958 10.1213L74.866 14.8508ZM79.7706 12.0826L76.0849 13.977L76.7791 10.0197C76.8119 9.83316 76.7503 9.64214 76.6164 9.5145L73.7096 6.7444L77.7619 6.16873C77.9294 6.14494 78.0756 6.03795 78.1547 5.88141L80.0015 2.22308L81.8483 5.88141C81.9273 6.03795 82.0736 6.14494 82.2411 6.16873L86.2934 6.7444L83.3865 9.5145C83.2526 9.64214 83.1911 9.83316 83.2238 10.0197L83.918 13.977L80.2323 12.0826C80.0867 12.0078 79.9162 12.0078 79.7706 12.0826Z' fill='#DCDDE1'/>,
<path d='M5.35411 5.11885L7.53823 0.792305C7.63633 0.597985 7.81801 0.500551 7.99992 0.500002C8.18286 0.499451 8.36604 0.596887 8.4647 0.792307L10.6488 5.11885L15.5473 5.81472C15.8144 5.85267 15.9823 6.0781 15.9999 6.31968C16.002 6.34769 16.002 6.37593 15.9999 6.40411C15.9904 6.53408 15.9362 6.66299 15.8295 6.76462L12.3072 10.1213L13.1369 14.8508C13.2147 15.2942 12.7771 15.6413 12.3907 15.4427L8.00146 13.1868L3.61224 15.4427C3.56393 15.4675 3.51483 15.4838 3.46603 15.4925C3.12446 15.5531 2.79796 15.2388 2.86603 14.8508L3.69576 10.1213L0.173428 6.76462C0.0551295 6.65189 0.00135121 6.50559 0.00146502 6.36151C0.00154915 6.25501 0.0310762 6.14972 0.0857544 6.06009C0.162946 5.93355 0.290266 5.83821 0.455637 5.81472L5.35411 5.11885ZM7.99992 12.0265C8.07945 12.0263 8.15902 12.045 8.23229 12.0826L11.918 13.977L11.2238 10.0197C11.1911 9.83316 11.2526 9.64214 11.3865 9.5145L14.2934 6.7444L10.2411 6.16874C10.0736 6.14494 9.92728 6.03795 9.84826 5.88141L8.00146 2.22308L7.99992 2.22614V12.0265Z' fill='#0B4D78'/>,
</svg>,
Satisfaction1.0,<svg width='88' height='16' viewBox='0 0 88 16' fill='none' xmlns='http://www.w3.org/2000/svg'>
<path d='M20.866 14.8508C20.7882 15.2942 21.2258 15.6413 21.6122 15.4427L26.0015 13.1868L30.3907 15.4427C30.7771 15.6413 31.2147 15.2942 31.1369 14.8508L30.3072 10.1213L33.8295 6.76462C34.1587 6.45092 33.9883 5.87737 33.5473 5.81472L28.6488 5.11885L26.4647 0.792305C26.2679 0.402565 25.735 0.402565 25.5382 0.792305L23.3541 5.11885L18.4556 5.81472C18.0146 5.87737 17.8442 6.45092 18.1734 6.76462L21.6958 10.1213L20.866 14.8508ZM25.7706 12.0826L22.0849 13.977L22.7791 10.0197C22.8119 9.83316 22.7503 9.64214 22.6164 9.5145L19.7096 6.7444L23.7619 6.16873C23.9294 6.14494 24.0756 6.03795 24.1547 5.88141L26.0015 2.22308L27.8483 5.88141C27.9273 6.03795 28.0736 6.14494 28.2411 6.16873L32.2934 6.7444L29.3865 9.5145C29.2526 9.64214 29.1911 9.83316 29.2238 10.0197L29.918 13.977L26.2323 12.0826C26.0867 12.0078 25.9162 12.0078 25.7706 12.0826Z' fill='#DCDDE1'/>,
<path d='M38.866 14.8508C38.7882 15.2942 39.2258 15.6413 39.6122 15.4427L44.0015 13.1868L48.3907 15.4427C48.7771 15.6413 49.2147 15.2942 49.1369 14.8508L48.3072 10.1213L51.8295 6.76462C52.1587 6.45092 51.9883 5.87737 51.5473 5.81472L46.6488 5.11885L44.4647 0.792305C44.2679 0.402565 43.735 0.402565 43.5382 0.792305L41.3541 5.11885L36.4556 5.81472C36.0146 5.87737 35.8442 6.45092 36.1734 6.76462L39.6958 10.1213L38.866 14.8508ZM43.7706 12.0826L40.0849 13.977L40.7791 10.0197C40.8119 9.83316 40.7503 9.64214 40.6164 9.5145L37.7096 6.7444L41.7619 6.16873C41.9294 6.14494 42.0756 6.03795 42.1547 5.88141L44.0015 2.22308L45.8483 5.88141C45.9273 6.03795 46.0736 6.14494 46.2411 6.16873L50.2934 6.7444L47.3865 9.5145C47.2526 9.64214 47.1911 9.83316 47.2238 10.0197L47.918 13.977L44.2323 12.0826C44.0867 12.0078 43.9162 12.0078 43.7706 12.0826Z' fill='#DCDDE1'/>,
<path d='M56.866 14.8508C56.7882 15.2942 57.2258 15.6413 57.6122 15.4427L62.0015 13.1868L66.3907 15.4427C66.7771 15.6413 67.2147 15.2942 67.1369 14.8508L66.3072 10.1213L69.8295 6.76462C70.1587 6.45092 69.9883 5.87737 69.5473 5.81472L64.6488 5.11885L62.4647 0.792305C62.2679 0.402565 61.735 0.402565 61.5382 0.792305L59.3541 5.11885L54.4556 5.81472C54.0146 5.87737 53.8442 6.45092 54.1734 6.76462L57.6958 10.1213L56.866 14.8508ZM61.7706 12.0826L58.0849 13.977L58.7791 10.0197C58.8119 9.83316 58.7503 9.64214 58.6164 9.5145L55.7096 6.7444L59.7619 6.16873C59.9294 6.14494 60.0756 6.03795 60.1547 5.88141L62.0015 2.22308L63.8483 5.88141C63.9273 6.03795 64.0736 6.14494 64.2411 6.16873L68.2934 6.7444L65.3865 9.5145C65.2526 9.64214 65.1911 9.83316 65.2238 10.0197L65.918 13.977L62.2323 12.0826C62.0867 12.0078 61.9162 12.0078 61.7706 12.0826Z' fill='#DCDDE1'/>,
<path d='M74.866 14.8508C74.7882 15.2942 75.2258 15.6413 75.6122 15.4427L80.0015 13.1868L84.3907 15.4427C84.7771 15.6413 85.2147 15.2942 85.1369 14.8508L84.3072 10.1213L87.8295 6.76462C88.1587 6.45092 87.9883 5.87737 87.5473 5.81472L82.6488 5.11885L80.4647 0.792305C80.2679 0.402565 79.735 0.402565 79.5382 0.792305L77.3541 5.11885L72.4556 5.81472C72.0146 5.87737 71.8442 6.45092 72.1734 6.76462L75.6958 10.1213L74.866 14.8508ZM79.7706 12.0826L76.0849 13.977L76.7791 10.0197C76.8119 9.83316 76.7503 9.64214 76.6164 9.5145L73.7096 6.7444L77.7619 6.16873C77.9294 6.14494 78.0756 6.03795 78.1547 5.88141L80.0015 2.22308L81.8483 5.88141C81.9273 6.03795 82.0736 6.14494 82.2411 6.16873L86.2934 6.7444L83.3865 9.5145C83.2526 9.64214 83.1911 9.83316 83.2238 10.0197L83.918 13.977L80.2323 12.0826C80.0867 12.0078 79.9162 12.0078 79.7706 12.0826Z' fill='#DCDDE1'/>,
<path d='M3.61224 15.4427C3.2258 15.6413 2.78823 15.2942 2.86603 14.8508L3.69576 10.1213L0.173428 6.76462C-0.155753 6.45092 0.0146475 5.87737 0.455637 5.81472L5.35411 5.11885L7.53823 0.792305C7.73498 0.402565 8.26795 0.402565 8.4647 0.792305L10.6488 5.11885L15.5473 5.81472C15.9883 5.87737 16.1587 6.45092 15.8295 6.76462L12.3072 10.1213L13.1369 14.8508C13.2147 15.2942 12.7771 15.6413 12.3907 15.4427L8.00146 13.1868L3.61224 15.4427Z' fill='#0B4D78'/>,
</svg,
Satisfaction1.5,<svg width='88' height='16' viewBox='0 0 88 16' fill='none' xmlns='http://www.w3.org/2000/svg'>
<path d='M38.866 14.8508C38.7882 15.2942 39.2258 15.6413 39.6122 15.4427L44.0015 13.1868L48.3907 15.4427C48.7771 15.6413 49.2147 15.2942 49.1369 14.8508L48.3072 10.1213L51.8295 6.76462C52.1587 6.45092 51.9883 5.87737 51.5473 5.81472L46.6488 5.11885L44.4647 0.792305C44.2679 0.402565 43.735 0.402565 43.5382 0.792305L41.3541 5.11885L36.4556 5.81472C36.0146 5.87737 35.8442 6.45092 36.1734 6.76462L39.6958 10.1213L38.866 14.8508ZM43.7706 12.0826L40.0849 13.977L40.7791 10.0197C40.8119 9.83316 40.7503 9.64214 40.6164 9.5145L37.7096 6.7444L41.7619 6.16873C41.9294 6.14494 42.0756 6.03795 42.1547 5.88141L44.0015 2.22308L45.8483 5.88141C45.9273 6.03795 46.0736 6.14494 46.2411 6.16873L50.2934 6.7444L47.3865 9.5145C47.2526 9.64214 47.1911 9.83316 47.2238 10.0197L47.918 13.977L44.2323 12.0826C44.0867 12.0078 43.9162 12.0078 43.7706 12.0826Z' fill='#DCDDE1'/>,
<path d='M56.866 14.8508C56.7882 15.2942 57.2258 15.6413 57.6122 15.4427L62.0015 13.1868L66.3907 15.4427C66.7771 15.6413 67.2147 15.2942 67.1369 14.8508L66.3072 10.1213L69.8295 6.76462C70.1587 6.45092 69.9883 5.87737 69.5473 5.81472L64.6488 5.11885L62.4647 0.792305C62.2679 0.402565 61.735 0.402565 61.5382 0.792305L59.3541 5.11885L54.4556 5.81472C54.0146 5.87737 53.8442 6.45092 54.1734 6.76462L57.6958 10.1213L56.866 14.8508ZM61.7706 12.0826L58.0849 13.977L58.7791 10.0197C58.8119 9.83316 58.7503 9.64214 58.6164 9.5145L55.7096 6.7444L59.7619 6.16873C59.9294 6.14494 60.0756 6.03795 60.1547 5.88141L62.0015 2.22308L63.8483 5.88141C63.9273 6.03795 64.0736 6.14494 64.2411 6.16873L68.2934 6.7444L65.3865 9.5145C65.2526 9.64214 65.1911 9.83316 65.2238 10.0197L65.918 13.977L62.2323 12.0826C62.0867 12.0078 61.9162 12.0078 61.7706 12.0826Z' fill='#DCDDE1'/>,
<path d='M74.866 14.8508C74.7882 15.2942 75.2258 15.6413 75.6122 15.4427L80.0015 13.1868L84.3907 15.4427C84.7771 15.6413 85.2147 15.2942 85.1369 14.8508L84.3072 10.1213L87.8295 6.76462C88.1587 6.45092 87.9883 5.87737 87.5473 5.81472L82.6488 5.11885L80.4647 0.792305C80.2679 0.402565 79.735 0.402565 79.5382 0.792305L77.3541 5.11885L72.4556 5.81472C72.0146 5.87737 71.8442 6.45092 72.1734 6.76462L75.6958 10.1213L74.866 14.8508ZM79.7706 12.0826L76.0849 13.977L76.7791 10.0197C76.8119 9.83316 76.7503 9.64214 76.6164 9.5145L73.7096 6.7444L77.7619 6.16873C77.9294 6.14494 78.0756 6.03795 78.1547 5.88141L80.0015 2.22308L81.8483 5.88141C81.9273 6.03795 82.0736 6.14494 82.2411 6.16873L86.2934 6.7444L83.3865 9.5145C83.2526 9.64214 83.1911 9.83316 83.2238 10.0197L83.918 13.977L80.2323 12.0826C80.0867 12.0078 79.9162 12.0078 79.7706 12.0826Z' fill='#DCDDE1'/>,
<path d='M3.61224 15.4427C3.2258 15.6413 2.78823 15.2942 2.86603 14.8508L3.69576 10.1213L0.173428 6.76462C-0.155753 6.45092 0.0146475 5.87737 0.455637 5.81472L5.35411 5.11885L7.53823 0.792305C7.73498 0.402565 8.26795 0.402565 8.4647 0.792305L10.6488 5.11885L15.5473 5.81472C15.9883 5.87737 16.1587 6.45092 15.8295 6.76462L12.3072 10.1213L13.1369 14.8508C13.2147 15.2942 12.7771 15.6413 12.3907 15.4427L8.00146 13.1868L3.61224 15.4427Z' fill='#0B4D78'/>,
<path d='M23.3541 5.11885L25.5382 0.792305C25.6363 0.597985 25.818 0.500551 25.9999 0.500002C26.1829 0.499451 26.366 0.596887 26.4647 0.792307L28.6488 5.11885L33.5473 5.81472C33.8144 5.85267 33.9823 6.0781 33.9999 6.31968C34.002 6.34769 34.002 6.37593 33.9999 6.40411C33.9904 6.53408 33.9362 6.66299 33.8295 6.76462L30.3072 10.1213L31.1369 14.8508C31.2147 15.2942 30.7771 15.6413 30.3907 15.4427L26.0015 13.1868L21.6122 15.4427C21.5639 15.4675 21.5148 15.4838 21.466 15.4925C21.1245 15.5531 20.798 15.2388 20.866 14.8508L21.6958 10.1213L18.1734 6.76462C18.0551 6.65189 18.0014 6.50559 18.0015 6.36151C18.0015 6.25501 18.0311 6.14972 18.0858 6.06009C18.1629 5.93355 18.2903 5.83821 18.4556 5.81472L23.3541 5.11885ZM25.9999 12.0265C26.0795 12.0263 26.159 12.045 26.2323 12.0826L29.918 13.977L29.2238 10.0197C29.1911 9.83316 29.2526 9.64214 29.3865 9.5145L32.2934 6.7444L28.2411 6.16874C28.0736 6.14494 27.9273 6.03795 27.8483 5.88141L26.0015 2.22308L25.9999 2.22614V12.0265Z' fill='#0B4D78'/>,
</svg>,
Satisfaction2.0,<svg width='88' height='16' viewBox='0 0 88 16' fill='none' xmlns='http://www.w3.org/2000/svg'>
<path d='M38.866 14.8508C38.7882 15.2942 39.2258 15.6413 39.6122 15.4427L44.0015 13.1868L48.3907 15.4427C48.7771 15.6413 49.2147 15.2942 49.1369 14.8508L48.3072 10.1213L51.8295 6.76462C52.1587 6.45092 51.9883 5.87737 51.5473 5.81472L46.6488 5.11885L44.4647 0.792305C44.2679 0.402565 43.735 0.402565 43.5382 0.792305L41.3541 5.11885L36.4556 5.81472C36.0146 5.87737 35.8442 6.45092 36.1734 6.76462L39.6958 10.1213L38.866 14.8508ZM43.7706 12.0826L40.0849 13.977L40.7791 10.0197C40.8119 9.83316 40.7503 9.64214 40.6164 9.5145L37.7096 6.7444L41.7619 6.16873C41.9294 6.14494 42.0756 6.03795 42.1547 5.88141L44.0015 2.22308L45.8483 5.88141C45.9273 6.03795 46.0736 6.14494 46.2411 6.16873L50.2934 6.7444L47.3865 9.5145C47.2526 9.64214 47.1911 9.83316 47.2238 10.0197L47.918 13.977L44.2323 12.0826C44.0867 12.0078 43.9162 12.0078 43.7706 12.0826Z' fill='#DCDDE1'/>,
<path d='M56.866 14.8508C56.7882 15.2942 57.2258 15.6413 57.6122 15.4427L62.0015 13.1868L66.3907 15.4427C66.7771 15.6413 67.2147 15.2942 67.1369 14.8508L66.3072 10.1213L69.8295 6.76462C70.1587 6.45092 69.9883 5.87737 69.5473 5.81472L64.6488 5.11885L62.4647 0.792305C62.2679 0.402565 61.735 0.402565 61.5382 0.792305L59.3541 5.11885L54.4556 5.81472C54.0146 5.87737 53.8442 6.45092 54.1734 6.76462L57.6958 10.1213L56.866 14.8508ZM61.7706 12.0826L58.0849 13.977L58.7791 10.0197C58.8119 9.83316 58.7503 9.64214 58.6164 9.5145L55.7096 6.7444L59.7619 6.16873C59.9294 6.14494 60.0756 6.03795 60.1547 5.88141L62.0015 2.22308L63.8483 5.88141C63.9273 6.03795 64.0736 6.14494 64.2411 6.16873L68.2934 6.7444L65.3865 9.5145C65.2526 9.64214 65.1911 9.83316 65.2238 10.0197L65.918 13.977L62.2323 12.0826C62.0867 12.0078 61.9162 12.0078 61.7706 12.0826Z' fill='#DCDDE1'/>,
<path d='M74.866 14.8508C74.7882 15.2942 75.2258 15.6413 75.6122 15.4427L80.0015 13.1868L84.3907 15.4427C84.7771 15.6413 85.2147 15.2942 85.1369 14.8508L84.3072 10.1213L87.8295 6.76462C88.1587 6.45092 87.9883 5.87737 87.5473 5.81472L82.6488 5.11885L80.4647 0.792305C80.2679 0.402565 79.735 0.402565 79.5382 0.792305L77.3541 5.11885L72.4556 5.81472C72.0146 5.87737 71.8442 6.45092 72.1734 6.76462L75.6958 10.1213L74.866 14.8508ZM79.7706 12.0826L76.0849 13.977L76.7791 10.0197C76.8119 9.83316 76.7503 9.64214 76.6164 9.5145L73.7096 6.7444L77.7619 6.16873C77.9294 6.14494 78.0756 6.03795 78.1547 5.88141L80.0015 2.22308L81.8483 5.88141C81.9273 6.03795 82.0736 6.14494 82.2411 6.16873L86.2934 6.7444L83.3865 9.5145C83.2526 9.64214 83.1911 9.83316 83.2238 10.0197L83.918 13.977L80.2323 12.0826C80.0867 12.0078 79.9162 12.0078 79.7706 12.0826Z' fill='#DCDDE1'/>,
<path d='M3.61224 15.4427C3.2258 15.6413 2.78823 15.2942 2.86603 14.8508L3.69576 10.1213L0.173428 6.76462C-0.155753 6.45092 0.0146475 5.87737 0.455637 5.81472L5.35411 5.11885L7.53823 0.792305C7.73498 0.402565 8.26795 0.402565 8.4647 0.792305L10.6488 5.11885L15.5473 5.81472C15.9883 5.87737 16.1587 6.45092 15.8295 6.76462L12.3072 10.1213L13.1369 14.8508C13.2147 15.2942 12.7771 15.6413 12.3907 15.4427L8.00146 13.1868L3.61224 15.4427Z' fill='#0B4D78'/>,
<path d='M21.6122 15.4427C21.2258 15.6413 20.7882 15.2942 20.866 14.8508L21.6958 10.1213L18.1734 6.76462C17.8442 6.45092 18.0146 5.87737 18.4556 5.81472L23.3541 5.11885L25.5382 0.792305C25.735 0.402565 26.2679 0.402565 26.4647 0.792305L28.6488 5.11885L33.5473 5.81472C33.9883 5.87737 34.1587 6.45092 33.8295 6.76462L30.3072 10.1213L31.1369 14.8508C31.2147 15.2942 30.7771 15.6413 30.3907 15.4427L26.0015 13.1868L21.6122 15.4427Z' fill='#0B4D78'/>,
</svg>,
Satisfaction2.5,<svg width='88' height='16' viewBox='0 0 88 16' fill='none' xmlns='http://www.w3.org/2000/svg'>
<path d='M56.866 14.8508C56.7882 15.2942 57.2258 15.6413 57.6122 15.4427L62.0015 13.1868L66.3907 15.4427C66.7771 15.6413 67.2147 15.2942 67.1369 14.8508L66.3072 10.1213L69.8295 6.76462C70.1587 6.45092 69.9883 5.87737 69.5473 5.81472L64.6488 5.11885L62.4647 0.792305C62.2679 0.402565 61.735 0.402565 61.5382 0.792305L59.3541 5.11885L54.4556 5.81472C54.0146 5.87737 53.8442 6.45092 54.1734 6.76462L57.6958 10.1213L56.866 14.8508ZM61.7706 12.0826L58.0849 13.977L58.7791 10.0197C58.8119 9.83316 58.7503 9.64214 58.6164 9.5145L55.7096 6.7444L59.7619 6.16873C59.9294 6.14494 60.0756 6.03795 60.1547 5.88141L62.0015 2.22308L63.8483 5.88141C63.9273 6.03795 64.0736 6.14494 64.2411 6.16873L68.2934 6.7444L65.3865 9.5145C65.2526 9.64214 65.1911 9.83316 65.2238 10.0197L65.918 13.977L62.2323 12.0826C62.0867 12.0078 61.9162 12.0078 61.7706 12.0826Z' fill='#DCDDE1'/>,
<path d='M74.866 14.8508C74.7882 15.2942 75.2258 15.6413 75.6122 15.4427L80.0015 13.1868L84.3907 15.4427C84.7771 15.6413 85.2147 15.2942 85.1369 14.8508L84.3072 10.1213L87.8295 6.76462C88.1587 6.45092 87.9883 5.87737 87.5473 5.81472L82.6488 5.11885L80.4647 0.792305C80.2679 0.402565 79.735 0.402565 79.5382 0.792305L77.3541 5.11885L72.4556 5.81472C72.0146 5.87737 71.8442 6.45092 72.1734 6.76462L75.6958 10.1213L74.866 14.8508ZM79.7706 12.0826L76.0849 13.977L76.7791 10.0197C76.8119 9.83316 76.7503 9.64214 76.6164 9.5145L73.7096 6.7444L77.7619 6.16873C77.9294 6.14494 78.0756 6.03795 78.1547 5.88141L80.0015 2.22308L81.8483 5.88141C81.9273 6.03795 82.0736 6.14494 82.2411 6.16873L86.2934 6.7444L83.3865 9.5145C83.2526 9.64214 83.1911 9.83316 83.2238 10.0197L83.918 13.977L80.2323 12.0826C80.0867 12.0078 79.9162 12.0078 79.7706 12.0826Z' fill='#DCDDE1'/>,
<path d='M3.61224 15.4427C3.2258 15.6413 2.78823 15.2942 2.86603 14.8508L3.69576 10.1213L0.173428 6.76462C-0.155753 6.45092 0.0146475 5.87737 0.455637 5.81472L5.35411 5.11885L7.53823 0.792305C7.73498 0.402565 8.26795 0.402565 8.4647 0.792305L10.6488 5.11885L15.5473 5.81472C15.9883 5.87737 16.1587 6.45092 15.8295 6.76462L12.3072 10.1213L13.1369 14.8508C13.2147 15.2942 12.7771 15.6413 12.3907 15.4427L8.00146 13.1868L3.61224 15.4427Z' fill='#0B4D78'/>,
<path d='M21.6122 15.4427C21.2258 15.6413 20.7882 15.2942 20.866 14.8508L21.6958 10.1213L18.1734 6.76462C17.8442 6.45092 18.0146 5.87737 18.4556 5.81472L23.3541 5.11885L25.5382 0.792305C25.735 0.402565 26.2679 0.402565 26.4647 0.792305L28.6488 5.11885L33.5473 5.81472C33.9883 5.87737 34.1587 6.45092 33.8295 6.76462L30.3072 10.1213L31.1369 14.8508C31.2147 15.2942 30.7771 15.6413 30.3907 15.4427L26.0015 13.1868L21.6122 15.4427Z' fill='#0B4D78'/>,
<path d='M41.3541 5.11885L43.5382 0.792305C43.6363 0.597985 43.818 0.500551 43.9999 0.500002C44.1829 0.499451 44.366 0.596887 44.4647 0.792307L46.6488 5.11885L51.5473 5.81472C51.8144 5.85267 51.9823 6.0781 51.9999 6.31968C52.002 6.34769 52.002 6.37593 51.9999 6.40411C51.9904 6.53408 51.9362 6.66299 51.8295 6.76462L48.3072 10.1213L49.1369 14.8508C49.2147 15.2942 48.7771 15.6413 48.3907 15.4427L44.0015 13.1868L39.6122 15.4427C39.5639 15.4675 39.5148 15.4838 39.466 15.4925C39.1245 15.5531 38.798 15.2388 38.866 14.8508L39.6958 10.1213L36.1734 6.76462C36.0551 6.65189 36.0014 6.50559 36.0015 6.36151C36.0015 6.25501 36.0311 6.14972 36.0858 6.06009C36.1629 5.93355 36.2903 5.83821 36.4556 5.81472L41.3541 5.11885ZM43.9999 12.0265C44.0795 12.0263 44.159 12.045 44.2323 12.0826L47.918 13.977L47.2238 10.0197C47.1911 9.83316 47.2526 9.64214 47.3865 9.5145L50.2934 6.7444L46.2411 6.16874C46.0736 6.14494 45.9273 6.03795 45.8483 5.88141L44.0015 2.22308L43.9999 2.22614V12.0265Z' fill='#0B4D78'/>,
</svg>,
Satisfaction3.0,<svg width='88' height='16' viewBox='0 0 88 16' fill='none' xmlns='http://www.w3.org/2000/svg'>
<path d='M74.866 14.8508C74.7882 15.2942 75.2258 15.6413 75.6122 15.4427L80.0015 13.1868L84.3907 15.4427C84.7771 15.6413 85.2147 15.2942 85.1369 14.8508L84.3072 10.1213L87.8295 6.76462C88.1587 6.45092 87.9883 5.87737 87.5473 5.81472L82.6488 5.11885L80.4647 0.792305C80.2679 0.402565 79.735 0.402565 79.5382 0.792305L77.3541 5.11885L72.4556 5.81472C72.0146 5.87737 71.8442 6.45092 72.1734 6.76462L75.6958 10.1213L74.866 14.8508ZM79.7706 12.0826L76.0849 13.977L76.7791 10.0197C76.8119 9.83316 76.7503 9.64214 76.6164 9.5145L73.7096 6.7444L77.7619 6.16873C77.9294 6.14494 78.0756 6.03795 78.1547 5.88141L80.0015 2.22308L81.8483 5.88141C81.9273 6.03795 82.0736 6.14494 82.2411 6.16873L86.2934 6.7444L83.3865 9.5145C83.2526 9.64214 83.1911 9.83316 83.2238 10.0197L83.918 13.977L80.2323 12.0826C80.0867 12.0078 79.9162 12.0078 79.7706 12.0826Z' fill='#DCDDE1'/>,
<path d='M3.61224 15.4427C3.2258 15.6413 2.78823 15.2942 2.86603 14.8508L3.69576 10.1213L0.173428 6.76462C-0.155753 6.45092 0.0146475 5.87737 0.455637 5.81472L5.35411 5.11885L7.53823 0.792305C7.73498 0.402565 8.26795 0.402565 8.4647 0.792305L10.6488 5.11885L15.5473 5.81472C15.9883 5.87737 16.1587 6.45092 15.8295 6.76462L12.3072 10.1213L13.1369 14.8508C13.2147 15.2942 12.7771 15.6413 12.3907 15.4427L8.00146 13.1868L3.61224 15.4427Z' fill='#0B4D78'/>,
<path d='M21.6122 15.4427C21.2258 15.6413 20.7882 15.2942 20.866 14.8508L21.6958 10.1213L18.1734 6.76462C17.8442 6.45092 18.0146 5.87737 18.4556 5.81472L23.3541 5.11885L25.5382 0.792305C25.735 0.402565 26.2679 0.402565 26.4647 0.792305L28.6488 5.11885L33.5473 5.81472C33.9883 5.87737 34.1587 6.45092 33.8295 6.76462L30.3072 10.1213L31.1369 14.8508C31.2147 15.2942 30.7771 15.6413 30.3907 15.4427L26.0015 13.1868L21.6122 15.4427Z' fill='#0B4D78'/>,
<path d='M39.6122 15.4427C39.2258 15.6413 38.7882 15.2942 38.866 14.8508L39.6958 10.1213L36.1734 6.76462C35.8442 6.45092 36.0146 5.87737 36.4556 5.81472L41.3541 5.11885L43.5382 0.792305C43.735 0.402565 44.2679 0.402565 44.4647 0.792305L46.6488 5.11885L51.5473 5.81472C51.9883 5.87737 52.1587 6.45092 51.8295 6.76462L48.3072 10.1213L49.1369 14.8508C49.2147 15.2942 48.7771 15.6413 48.3907 15.4427L44.0015 13.1868L39.6122 15.4427Z' fill='#0B4D78'/>,
<path d='M56.866 14.8508C56.7882 15.2942 57.2258 15.6413 57.6122 15.4427L62.0015 13.1868L66.3907 15.4427C66.7771 15.6413 67.2147 15.2942 67.1369 14.8508L66.3072 10.1213L69.8295 6.76462C70.1587 6.45092 69.9883 5.87737 69.5473 5.81472L64.6488 5.11885L62.4647 0.792305C62.2679 0.402565 61.735 0.402565 61.5382 0.792305L59.3541 5.11885L54.4556 5.81472C54.0146 5.87737 53.8442 6.45092 54.1734 6.76462L57.6958 10.1213L56.866 14.8508ZM61.7706 12.0826L58.0849 13.977L58.7791 10.0197C58.8119 9.83316 58.7503 9.64214 58.6164 9.5145L55.7096 6.7444L59.7619 6.16873C59.9294 6.14494 60.0756 6.03795 60.1547 5.88141L62.0015 2.22308L63.8483 5.88141C63.9273 6.03795 64.0736 6.14494 64.2411 6.16873L68.2934 6.7444L65.3865 9.5145C65.2526 9.64214 65.1911 9.83316 65.2238 10.0197L65.918 13.977L62.2323 12.0826C62.0867 12.0078 61.9162 12.0078 61.7706 12.0826Z' fill='#DCDDE1'/>,
</svg>,
Satisfaction3.5,<svg width='88' height='16' viewBox='0 0 88 16' fill='none' xmlns='http://www.w3.org/2000/svg'>
<path d='M74.866 14.8508C74.7882 15.2942 75.2258 15.6413 75.6122 15.4427L80.0015 13.1868L84.3907 15.4427C84.7771 15.6413 85.2147 15.2942 85.1369 14.8508L84.3072 10.1213L87.8295 6.76462C88.1587 6.45092 87.9883 5.87737 87.5473 5.81472L82.6488 5.11885L80.4647 0.792305C80.2679 0.402565 79.735 0.402565 79.5382 0.792305L77.3541 5.11885L72.4556 5.81472C72.0146 5.87737 71.8442 6.45092 72.1734 6.76462L75.6958 10.1213L74.866 14.8508ZM79.7706 12.0826L76.0849 13.977L76.7791 10.0197C76.8119 9.83316 76.7503 9.64214 76.6164 9.5145L73.7096 6.7444L77.7619 6.16873C77.9294 6.14494 78.0756 6.03795 78.1547 5.88141L80.0015 2.22308L81.8483 5.88141C81.9273 6.03795 82.0736 6.14494 82.2411 6.16873L86.2934 6.7444L83.3865 9.5145C83.2526 9.64214 83.1911 9.83316 83.2238 10.0197L83.918 13.977L80.2323 12.0826C80.0867 12.0078 79.9162 12.0078 79.7706 12.0826Z' fill='#DCDDE1'/>,
<path d='M3.61224 15.4427C3.2258 15.6413 2.78823 15.2942 2.86603 14.8508L3.69576 10.1213L0.173428 6.76462C-0.155753 6.45092 0.0146475 5.87737 0.455637 5.81472L5.35411 5.11885L7.53823 0.792305C7.73498 0.402565 8.26795 0.402565 8.4647 0.792305L10.6488 5.11885L15.5473 5.81472C15.9883 5.87737 16.1587 6.45092 15.8295 6.76462L12.3072 10.1213L13.1369 14.8508C13.2147 15.2942 12.7771 15.6413 12.3907 15.4427L8.00146 13.1868L3.61224 15.4427Z' fill='#0B4D78'/>,
<path d='M21.6122 15.4427C21.2258 15.6413 20.7882 15.2942 20.866 14.8508L21.6958 10.1213L18.1734 6.76462C17.8442 6.45092 18.0146 5.87737 18.4556 5.81472L23.3541 5.11885L25.5382 0.792305C25.735 0.402565 26.2679 0.402565 26.4647 0.792305L28.6488 5.11885L33.5473 5.81472C33.9883 5.87737 34.1587 6.45092 33.8295 6.76462L30.3072 10.1213L31.1369 14.8508C31.2147 15.2942 30.7771 15.6413 30.3907 15.4427L26.0015 13.1868L21.6122 15.4427Z' fill='#0B4D78'/>,
<path d='M39.6122 15.4427C39.2258 15.6413 38.7882 15.2942 38.866 14.8508L39.6958 10.1213L36.1734 6.76462C35.8442 6.45092 36.0146 5.87737 36.4556 5.81472L41.3541 5.11885L43.5382 0.792305C43.735 0.402565 44.2679 0.402565 44.4647 0.792305L46.6488 5.11885L51.5473 5.81472C51.9883 5.87737 52.1587 6.45092 51.8295 6.76462L48.3072 10.1213L49.1369 14.8508C49.2147 15.2942 48.7771 15.6413 48.3907 15.4427L44.0015 13.1868L39.6122 15.4427Z' fill='#0B4D78'/>,
<path d='M59.3541 5.11885L61.5382 0.792305C61.6363 0.597985 61.818 0.500551 61.9999 0.500002C62.1829 0.499451 62.366 0.596887 62.4647 0.792307L64.6488 5.11885L69.5473 5.81472C69.8144 5.85267 69.9823 6.0781 69.9999 6.31968C70.002 6.34769 70.002 6.37593 69.9999 6.40411C69.9904 6.53408 69.9362 6.66299 69.8295 6.76462L66.3072 10.1213L67.1369 14.8508C67.2147 15.2942 66.7771 15.6413 66.3907 15.4427L62.0015 13.1868L57.6122 15.4427C57.5639 15.4675 57.5148 15.4838 57.466 15.4925C57.1245 15.5531 56.798 15.2388 56.866 14.8508L57.6958 10.1213L54.1734 6.76462C54.0551 6.65189 54.0014 6.50559 54.0015 6.36151C54.0015 6.25501 54.0311 6.14972 54.0858 6.06009C54.1629 5.93355 54.2903 5.83821 54.4556 5.81472L59.3541 5.11885ZM61.9999 12.0265C62.0795 12.0263 62.159 12.045 62.2323 12.0826L65.918 13.977L65.2238 10.0197C65.1911 9.83316 65.2526 9.64214 65.3865 9.5145L68.2934 6.7444L64.2411 6.16874C64.0736 6.14494 63.9273 6.03795 63.8483 5.88141L62.0015 2.22308L61.9999 2.22614V12.0265Z' fill='#0B4D78'/>,
</svg>,
Satisfaction4.0,<svg width='88' height='16' viewBox='0 0 88 16' fill='none' xmlns='http://www.w3.org/2000/svg'>
<path d='M74.866 14.8508C74.7882 15.2942 75.2258 15.6413 75.6122 15.4427L80.0015 13.1868L84.3907 15.4427C84.7771 15.6413 85.2147 15.2942 85.1369 14.8508L84.3072 10.1213L87.8295 6.76462C88.1587 6.45092 87.9883 5.87737 87.5473 5.81472L82.6488 5.11885L80.4647 0.792305C80.2679 0.402565 79.735 0.402565 79.5382 0.792305L77.3541 5.11885L72.4556 5.81472C72.0146 5.87737 71.8442 6.45092 72.1734 6.76462L75.6958 10.1213L74.866 14.8508ZM79.7706 12.0826L76.0849 13.977L76.7791 10.0197C76.8119 9.83316 76.7503 9.64214 76.6164 9.5145L73.7096 6.7444L77.7619 6.16873C77.9294 6.14494 78.0756 6.03795 78.1547 5.88141L80.0015 2.22308L81.8483 5.88141C81.9273 6.03795 82.0736 6.14494 82.2411 6.16873L86.2934 6.7444L83.3865 9.5145C83.2526 9.64214 83.1911 9.83316 83.2238 10.0197L83.918 13.977L80.2323 12.0826C80.0867 12.0078 79.9162 12.0078 79.7706 12.0826Z' fill='#DCDDE1'/>,
<path d='M3.61224 15.4427C3.2258 15.6413 2.78823 15.2942 2.86603 14.8508L3.69576 10.1213L0.173428 6.76462C-0.155753 6.45092 0.0146475 5.87737 0.455637 5.81472L5.35411 5.11885L7.53823 0.792305C7.73498 0.402565 8.26795 0.402565 8.4647 0.792305L10.6488 5.11885L15.5473 5.81472C15.9883 5.87737 16.1587 6.45092 15.8295 6.76462L12.3072 10.1213L13.1369 14.8508C13.2147 15.2942 12.7771 15.6413 12.3907 15.4427L8.00146 13.1868L3.61224 15.4427Z' fill='#0B4D78'/>,
<path d='M21.6122 15.4427C21.2258 15.6413 20.7882 15.2942 20.866 14.8508L21.6958 10.1213L18.1734 6.76462C17.8442 6.45092 18.0146 5.87737 18.4556 5.81472L23.3541 5.11885L25.5382 0.792305C25.735 0.402565 26.2679 0.402565 26.4647 0.792305L28.6488 5.11885L33.5473 5.81472C33.9883 5.87737 34.1587 6.45092 33.8295 6.76462L30.3072 10.1213L31.1369 14.8508C31.2147 15.2942 30.7771 15.6413 30.3907 15.4427L26.0015 13.1868L21.6122 15.4427Z' fill='#0B4D78'/>,
<path d='M39.6122 15.4427C39.2258 15.6413 38.7882 15.2942 38.866 14.8508L39.6958 10.1213L36.1734 6.76462C35.8442 6.45092 36.0146 5.87737 36.4556 5.81472L41.3541 5.11885L43.5382 0.792305C43.735 0.402565 44.2679 0.402565 44.4647 0.792305L46.6488 5.11885L51.5473 5.81472C51.9883 5.87737 52.1587 6.45092 51.8295 6.76462L48.3072 10.1213L49.1369 14.8508C49.2147 15.2942 48.7771 15.6413 48.3907 15.4427L44.0015 13.1868L39.6122 15.4427Z' fill='#0B4D78'/>,
<path d='M57.6122 15.4427C57.2258 15.6413 56.7882 15.2942 56.866 14.8508L57.6958 10.1213L54.1734 6.76462C53.8442 6.45092 54.0146 5.87737 54.4556 5.81472L59.3541 5.11885L61.5382 0.792305C61.735 0.402565 62.2679 0.402565 62.4647 0.792305L64.6488 5.11885L69.5473 5.81472C69.9883 5.87737 70.1587 6.45092 69.8295 6.76462L66.3072 10.1213L67.1369 14.8508C67.2147 15.2942 66.7771 15.6413 66.3907 15.4427L62.0015 13.1868L57.6122 15.4427Z' fill='#0B4D78'/>,
</svg>,
Satisfaction4.5,<svg width='88' height='16' viewBox='0 0 88 16' fill='none' xmlns='http://www.w3.org/2000/svg'>
<path d='M3.61224 15.4427C3.2258 15.6413 2.78823 15.2942 2.86603 14.8508L3.69576 10.1213L0.173428 6.76462C-0.155753 6.45092 0.0146475 5.87737 0.455637 5.81472L5.35411 5.11885L7.53823 0.792305C7.73498 0.402565 8.26795 0.402565 8.4647 0.792305L10.6488 5.11885L15.5473 5.81472C15.9883 5.87737 16.1587 6.45092 15.8295 6.76462L12.3072 10.1213L13.1369 14.8508C13.2147 15.2942 12.7771 15.6413 12.3907 15.4427L8.00146 13.1868L3.61224 15.4427Z' fill='#0B4D78'/>,
<path d='M21.6122 15.4427C21.2258 15.6413 20.7882 15.2942 20.866 14.8508L21.6958 10.1213L18.1734 6.76462C17.8442 6.45092 18.0146 5.87737 18.4556 5.81472L23.3541 5.11885L25.5382 0.792305C25.735 0.402565 26.2679 0.402565 26.4647 0.792305L28.6488 5.11885L33.5473 5.81472C33.9883 5.87737 34.1587 6.45092 33.8295 6.76462L30.3072 10.1213L31.1369 14.8508C31.2147 15.2942 30.7771 15.6413 30.3907 15.4427L26.0015 13.1868L21.6122 15.4427Z' fill='#0B4D78'/>,
<path d='M39.6122 15.4427C39.2258 15.6413 38.7882 15.2942 38.866 14.8508L39.6958 10.1213L36.1734 6.76462C35.8442 6.45092 36.0146 5.87737 36.4556 5.81472L41.3541 5.11885L43.5382 0.792305C43.735 0.402565 44.2679 0.402565 44.4647 0.792305L46.6488 5.11885L51.5473 5.81472C51.9883 5.87737 52.1587 6.45092 51.8295 6.76462L48.3072 10.1213L49.1369 14.8508C49.2147 15.2942 48.7771 15.6413 48.3907 15.4427L44.0015 13.1868L39.6122 15.4427Z' fill='#0B4D78'/>,
<path d='M57.6122 15.4427C57.2258 15.6413 56.7882 15.2942 56.866 14.8508L57.6958 10.1213L54.1734 6.76462C53.8442 6.45092 54.0146 5.87737 54.4556 5.81472L59.3541 5.11885L61.5382 0.792305C61.735 0.402565 62.2679 0.402565 62.4647 0.792305L64.6488 5.11885L69.5473 5.81472C69.9883 5.87737 70.1587 6.45092 69.8295 6.76462L66.3072 10.1213L67.1369 14.8508C67.2147 15.2942 66.7771 15.6413 66.3907 15.4427L62.0015 13.1868L57.6122 15.4427Z' fill='#0B4D78'/>,
<path d='M77.3541 5.11885L79.5382 0.792305C79.6363 0.597985 79.818 0.500551 79.9999 0.500002C80.1829 0.499451 80.366 0.596887 80.4647 0.792307L82.6488 5.11885L87.5473 5.81472C87.8144 5.85267 87.9823 6.0781 87.9999 6.31968C88.002 6.34769 88.002 6.37593 87.9999 6.40411C87.9904 6.53408 87.9362 6.66299 87.8295 6.76462L84.3072 10.1213L85.1369 14.8508C85.2147 15.2942 84.7771 15.6413 84.3907 15.4427L80.0015 13.1868L75.6122 15.4427C75.5639 15.4675 75.5148 15.4838 75.466 15.4925C75.1245 15.5531 74.798 15.2388 74.866 14.8508L75.6958 10.1213L72.1734 6.76462C72.0551 6.65189 72.0014 6.50559 72.0015 6.36151C72.0015 6.25501 72.0311 6.14972 72.0858 6.06009C72.1629 5.93355 72.2903 5.83821 72.4556 5.81472L77.3541 5.11885ZM79.9999 12.0265C80.0795 12.0263 80.159 12.045 80.2323 12.0826L83.918 13.977L83.2238 10.0197C83.1911 9.83316 83.2526 9.64214 83.3865 9.5145L86.2934 6.7444L82.2411 6.16874C82.0736 6.14494 81.9273 6.03795 81.8483 5.88141L80.0015 2.22308L79.9999 2.22614V12.0265Z' fill='#0B4D78'/>,
</svg>,
Satisfaction5.0,<svg width='88' height='16' viewBox='0 0 88 16' fill='none' xmlns='http://www.w3.org/2000/svg'>
<path d='M3.61224 15.4427C3.2258 15.6413 2.78823 15.2942 2.86603 14.8508L3.69576 10.1213L0.173428 6.76462C-0.155753 6.45092 0.0146475 5.87737 0.455637 5.81472L5.35411 5.11885L7.53823 0.792305C7.73498 0.402565 8.26795 0.402565 8.4647 0.792305L10.6488 5.11885L15.5473 5.81472C15.9883 5.87737 16.1587 6.45092 15.8295 6.76462L12.3072 10.1213L13.1369 14.8508C13.2147 15.2942 12.7771 15.6413 12.3907 15.4427L8.00146 13.1868L3.61224 15.4427Z' fill='#0B4D78'/>,
<path d='M21.6122 15.4427C21.2258 15.6413 20.7882 15.2942 20.866 14.8508L21.6958 10.1213L18.1734 6.76462C17.8442 6.45092 18.0146 5.87737 18.4556 5.81472L23.3541 5.11885L25.5382 0.792305C25.735 0.402565 26.2679 0.402565 26.4647 0.792305L28.6488 5.11885L33.5473 5.81472C33.9883 5.87737 34.1587 6.45092 33.8295 6.76462L30.3072 10.1213L31.1369 14.8508C31.2147 15.2942 30.7771 15.6413 30.3907 15.4427L26.0015 13.1868L21.6122 15.4427Z' fill='#0B4D78'/>,
<path d='M39.6122 15.4427C39.2258 15.6413 38.7882 15.2942 38.866 14.8508L39.6958 10.1213L36.1734 6.76462C35.8442 6.45092 36.0146 5.87737 36.4556 5.81472L41.3541 5.11885L43.5382 0.792305C43.735 0.402565 44.2679 0.402565 44.4647 0.792305L46.6488 5.11885L51.5473 5.81472C51.9883 5.87737 52.1587 6.45092 51.8295 6.76462L48.3072 10.1213L49.1369 14.8508C49.2147 15.2942 48.7771 15.6413 48.3907 15.4427L44.0015 13.1868L39.6122 15.4427Z' fill='#0B4D78'/>,
<path d='M57.6122 15.4427C57.2258 15.6413 56.7882 15.2942 56.866 14.8508L57.6958 10.1213L54.1734 6.76462C53.8442 6.45092 54.0146 5.87737 54.4556 5.81472L59.3541 5.11885L61.5382 0.792305C61.735 0.402565 62.2679 0.402565 62.4647 0.792305L64.6488 5.11885L69.5473 5.81472C69.9883 5.87737 70.1587 6.45092 69.8295 6.76462L66.3072 10.1213L67.1369 14.8508C67.2147 15.2942 66.7771 15.6413 66.3907 15.4427L62.0015 13.1868L57.6122 15.4427Z' fill='#0B4D78'/>,
<path d='M75.6122 15.4427C75.2258 15.6413 74.7882 15.2942 74.866 14.8508L75.6958 10.1213L72.1734 6.76462C71.8442 6.45092 72.0146 5.87737 72.4556 5.81472L77.3541 5.11885L79.5382 0.792305C79.735 0.402565 80.2679 0.402565 80.4647 0.792305L82.6488 5.11885L87.5473 5.81472C87.9883 5.87737 88.1587 6.45092 87.8295 6.76462L84.3072 10.1213L85.1369 14.8508C85.2147 15.2942 84.7771 15.6413 84.3907 15.4427L80.0015 13.1868L75.6122 15.4427Z' fill='#0B4D78'/>,
</svg>,
